timestamp,open,high,low,close,volume
2024-01-01T00:00:00,98.76167405209551,101.30501542229415,98.18577060083923,100.53707561963165,2821
2024-01-02T00:00:00,98.25965520904343,99.80833119359264,97.36380632463913,99.0570994602709,957
2024-01-03T00:00:00,100.03261076173095,102.35419294171936,99.03610990019625,100.26277625398059,3134
2024-01-04T00:00:00,100.15796348951352,102.9980601918053,98.82462766743082,101.75362332856741,2615
2024-01-05T00:00:00,97.92118975097121,100.05871424430826,96.42423295684605,98.90707054558666,1968
2024-01-06T00:00:00,95.05162089249679,98.77426699004472,93.71302793355065,97.03380128529318,1338
2024-01-07T00:00:00,96.54065089654439,98.74565010097403,95.8976548277977,97.3055618900441,3340
2024-01-08T00:00:00,97.41322013007718,99.50465810770257,95.99696332963401,96.91119800152873,1585
2024-01-09T00:00:00,97.5973395445934,99.42385208423936,95.03189601117597,96.9659962652723,2075
2024-01-10T00:00:00,93.6805952349038,97.08135863292365,92.09669444409043,95.76643037391193,1824
2024-01-11T00:00:00,95.0142281875012,98.30533844112357,93.41067480227294,97.16552733620617,1399
2024-01-12T00:00:00,97.97378253130394,100.58948886572094,96.33443699720664,98.41221523934959,1883
2024-01-13T00:00:00,98.3361298747138,100.31145368689761,96.53919474234661,98.59126128569142,1193
2024-01-14T00:00:00,98.44682323312549,102.47915401815,97.84803881419903,100.36212309614346,804
2024-01-15T00:00:00,101.53972822336068,102.24114180462965,100.0201528551361,101.14338710952154,1553
2024-01-16T00:00:00,100.13970273225692,102.08560998688125,98.51725177525184,99.93444841519668,1091
2024-01-17T00:00:00,99.38858047610029,102.15060019410548,98.31320445449484,100.56757459132042,1878
2024-01-18T00:00:00,98.96439530065057,99.91651754324661,97.02878121606234,99.20925069007693,3043
2024-01-19T00:00:00,100.0115358220859,102.10696474198551,98.6911625574875,100.60692614203784,1222
2024-01-20T00:00:00,100.15913588423052,102.27840109623773,98.35246898214957,100.61203727555846,803
2024-01-21T00:00:00,99.51092663632153,100.9356582962512,97.56250025762354,100.41474373024057,1088
2024-01-22T00:00:00,97.6066157384523,100.74568994876562,96.24847021751636,99.47334941363465,2121
2024-01-23T00:00:00,100.70563500543413,103.29034059067945,98.65939619085283,101.3871614216457,1514
2024-01-24T00:00:00,100.05582228459333,102.23747754162746,98.55771158568047,101.2353671985425,2072
2024-01-25T00:00:00,101.91803035622576,103.19756209528329,98.7274091572805,100.67287546529784,876
2024-01-26T00:00:00,99.6685217013026,101.47660915558092,98.589517348797,100.22467513956549,1666
2024-01-27T00:00:00,101.2620461611591,102.27532272661134,99.755150088392,101.10313891789552,1866
2024-01-28T00:00:00,102.2282367688229,104.28958799119934,100.32790624473385,101.73130501444163,1921
2024-01-29T00:00:00,102.62074106207149,104.44894092230507,101.75193841481229,102.43040393183561,2233
2024-01-30T00:00:00,102.85734653297817,103.84463573504082,101.67980727158555,103.15663543634744,2829
2024-01-31T00:00:00,105.02479454953271,108.64406575597701,102.96532050619487,106.44910683765313,2014
2024-02-01T00:00:00,106.51323775904181,108.50787780036498,104.34706950445614,105.91948431307621,2987
2024-02-02T00:00:00,104.60355187613393,106.21376456383777,103.8017906859911,105.2311202194689,2177
2024-02-03T00:00:00,103.9262136170973,106.01318531252068,102.85015903656098,104.09046112709709,1476
2024-02-04T00:00:00,104.7893360458861,105.77534346514169,103.9636109294595,105.09443026096034,1395
2024-02-05T00:00:00,105.36540665726753,109.06636674184789,104.82320733320995,106.86788870004168,1638
2024-02-06T00:00:00,105.69266362025583,108.40863156494046,103.61598084079898,106.77696751355936,2353
2024-02-07T00:00:00,103.7930745014171,107.20194532456553,102.5311220433804,105.59673279811557,1430
2024-02-08T00:00:00,103.97906608590363,105.09376021045173,102.95625646278829,104.44001097457871,3176
2024-02-09T00:00:00,105.5222485068194,107.54720528494366,103.97848893066761,105.49590015631576,2047
2024-02-10T00:00:00,106.29225434831336,107.24008056856852,105.77981977261524,106.69078141312092,3044
2024-02-11T00:00:00,106.76726570343462,108.49492051424866,105.79462812221324,107.58551281557871,2576
2024-02-12T00:00:00,105.90833223203732,107.41038544242895,104.21317534034921,106.66724825464567,1666
2024-02-13T00:00:00,107.47143950425578,109.29194500343256,105.518081625028,107.09549023924575,1393
2024-02-14T00:00:00,106.66907814949175,108.18746613921877,104.50000803866945,107.35051895295685,2734
2024-02-15T00:00:00,106.95314635092535,109.80663683417286,105.39853824450668,107.75855184805036,1659
2024-02-16T00:00:00,106.27996838119212,110.76135238182938,104.96820839602498,109.14569501497265,1441
2024-02-17T00:00:00,107.27192818798116,110.12256494597565,105.47749283056835,109.56108833813467,3219
2024-02-18T00:00:00,110.82737769824544,111.33660841626423,108.62380130040361,110.65945868274251,2054
2024-02-19T00:00:00,110.49947231237012,111.42864574590033,108.77428920294892,110.84082728697585,926
2024-02-20T00:00:00,112.07160418666413,113.60167698866528,109.21704730497687,111.35450638501082,2086
2024-02-21T00:00:00,112.31307503633577,114.24395780222964,110.48366624608087,112.38143872376864,1998
2024-02-22T00:00:00,109.39166049075384,111.1812447890517,107.41809804570856,110.27570499398514,3046
2024-02-23T00:00:00,108.19092991064977,111.82019320241841,107.49695298963759,109.87619816944918,2650
2024-02-24T00:00:00,109.30681464197924,109.90410894023978,107.50553623292056,109.25063918801,1297
2024-02-25T00:00:00,108.361054211706,110.23396096683584,107.11290342250948,108.37232241564499,1191
2024-02-26T00:00:00,109.37216916556974,111.44942139686262,106.59933257470578,108.03960903880495,2369
2024-02-27T00:00:00,109.90842033414697,112.17460528413399,108.29644623802696,110.36202100565654,923
2024-02-28T00:00:00,109.4994473027903,111.18625263555398,106.99458863371723,109.14327433211669,1629
2024-02-29T00:00:00,110.55218734863338,112.60025823571806,108.37840461019962,110.67569186400391,1159
2024-03-01T00:00:00,108.42056190693103,108.98881911616104,107.24139918925076,108.2313872065802,853
2024-03-02T00:00:00,107.29389596042884,108.65208924982393,105.54651501478439,107.80905966160154,3188
2024-03-03T00:00:00,109.11514481148001,109.8275150662996,106.35821724476908,108.13318925925904,1033
2024-03-04T00:00:00,109.81286347714986,111.17056616047793,108.00348489206579,109.09252275629797,824
2024-03-05T00:00:00,107.72304022516177,112.00618244414628,107.01246160789259,110.23936262598724,3225
2024-03-06T00:00:00,112.06806380193376,113.63908393771364,110.9397736463014,111.50938347878713,1289
2024-03-07T00:00:00,111.45340289102366,113.40032576061894,109.24481255361488,111.06629587041448,2923
2024-03-08T00:00:00,108.19954600592844,111.21663026856749,106.8670564448397,110.45276818141762,881
2024-03-09T00:00:00,108.605171550987,113.56858785959314,106.42975326284562,111.81973200330336,1199
2024-03-10T00:00:00,112.06718548192374,112.89535601640088,110.32232064045174,111.61277551598094,1087
2024-03-11T00:00:00,109.51067009208327,110.73953590821431,107.34821122765774,109.77924603097405,2636
2024-03-12T00:00:00,107.25191521412238,109.86615319534705,106.05223601039248,108.15931520996884,2412
2024-03-13T00:00:00,104.70430890100138,109.02648491529418,102.85504924504943,106.86013678096641,2036
2024-03-14T00:00:00,107.97404926763248,109.5136733977935,107.04168513411695,107.68587789704706,1428
2024-03-15T00:00:00,107.60026656250082,108.57216703663812,106.15598165526661,107.97951650115291,1031
2024-03-16T00:00:00,107.79564071379899,110.64296978113136,105.93213907592326,109.09524453225455,2279
2024-03-17T00:00:00,107.5430760957298,109.10636150043604,105.47108326145599,108.53436556274976,1399
2024-03-18T00:00:00,108.59071556347192,110.85522280868842,106.69232430942229,108.85217509936483,2334
2024-03-19T00:00:00,109.39100135838028,111.5768437749869,108.82815112213828,109.87056069031584,2587
2024-03-20T00:00:00,110.12394710826845,110.91826444718671,108.35294690051403,109.48654088073548,3008
2024-03-21T00:00:00,109.86606010664879,110.90762944697273,109.28327270371524,110.2517037370716,2084
2024-03-22T00:00:00,108.97856356647968,110.15082131456816,108.29278367158493,109.33881482547162,812
2024-03-23T00:00:00,108.06528115496039,111.04028026086614,106.41726158622566,108.87423405562402,1529
2024-03-24T00:00:00,108.28142171156364,109.66118030680595,106.56888277783375,108.38162721462652,3018
2024-03-25T00:00:00,105.64348307595233,108.50080535842335,103.82815791527457,106.66786774624296,2186
2024-03-26T00:00:00,105.9668822313835,109.06022064900456,103.99560609968887,107.47832646742134,2409
2024-03-27T00:00:00,106.11433656221563,108.32732531204692,104.35730306580555,106.85422295711724,1990
2024-03-28T00:00:00,106.03638336764949,107.69968556813936,104.17490166106822,106.95296413520877,1223
2024-03-29T00:00:00,107.10624431074756,109.8623256946164,106.52300600404799,107.75408412356764,3131
2024-03-30T00:00:00,107.90380493383029,109.51616336288757,107.00509517808008,108.50388088761255,2809
2024-03-31T00:00:00,109.6313607812603,111.11399004813312,108.02473233633381,109.58195855107174,3387
2024-04-01T00:00:00,108.62938548880163,111.20384943010902,106.67057247093943,109.5142303243076,3024
2024-04-02T00:00:00,108.44684079481351,110.5629792201584,107.93919058241609,108.95928285624137,1556
2024-04-03T00:00:00,106.43585406184424,111.01871603636415,105.06098418024645,108.91970553988178,1461
2024-04-04T00:00:00,104.45268447671701,107.22105017180883,102.80129589779753,106.46870388894473,1446
2024-04-05T00:00:00,103.43077328300924,105.74223483566989,102.88044089149061,104.37803518031009,3188
2024-04-06T00:00:00,102.56073725050378,103.74759571476308,101.29168131393773,102.4739857617785,2248
2024-04-07T00:00:00,101.45928584516133,102.76537268528179,99.03553622202398,101.05811552037626,1981
2024-04-08T00:00:00,100.06574820268145,102.44044665499759,98.4240064276265,101.73777686046142,3317
2024-04-09T00:00:00,99.62308397478891,101.18751911420503,98.7190647570759,100.45955827742134,2368
2024-04-10T00:00:00,98.9401853833098,100.94504287419039,96.99045746293554,99.97231444636225,3164
2024-04-11T00:00:00,102.97128428131812,103.98928210771153,100.90950347324517,102.00115689304134,3360
2024-04-12T00:00:00,100.11206630304684,102.77419639970749,98.16138036210194,101.5467609364492,1006
2024-04-13T00:00:00,101.72405598475692,104.2717131191121,100.71585177785478,102.73303428914984,1739
2024-04-14T00:00:00,101.81199538510805,103.3908648847191,99.90906334263367,101.41260776913502,2708
2024-04-15T00:00:00,101.00882375903853,102.38452995652905,99.83402564386722,101.18445143233357,2914
2024-04-16T00:00:00,99.00207286604683,101.03434963599649,98.03487027976321,99.8394183499677,1186
2024-04-17T00:00:00,98.76364861759623,100.28083723150169,96.75650076190405,99.41086873611685,1627
2024-04-18T00:00:00,100.41428500952615,102.25145156459827,99.59537575022902,100.75133094230296,2225
2024-04-19T00:00:00,97.73348974877379,99.27931985675374,97.089310043673,98.24035030751443,2877
2024-04-20T00:00:00,98.59876541321943,99.53328749110474,97.51748961769181,98.97198577283322,1093
2024-04-21T00:00:00,98.6712829154394,100.6198692513983,96.95129636444874,99.40858917633163,2361
2024-04-22T00:00:00,96.6730214670926,99.90338979043973,94.80038773693292,98.59736424278644,1570
2024-04-23T00:00:00,98.21827005804192,99.10177793398908,94.31041373209027,96.50827746120376,1362
2024-04-24T00:00:00,96.30963696083327,98.16965020908216,95.3058214639143,96.69647172277456,2140
2024-04-25T00:00:00,95.22337147994367,97.44404488991313,94.02987016302049,95.98223265917886,1876
2024-04-26T00:00:00,95.54485238549253,98.10465068409854,94.81225621284217,96.41124697621092,2452
2024-04-27T00:00:00,96.25874831768523,98.12553761423813,94.78146603732607,96.52402519449608,1625
2024-04-28T00:00:00,99.98774313570817,101.59687933179393,96.81080746813049,99.00669353147745,2940
2024-04-29T00:00:00,97.83246415492522,99.76522414836879,96.1409664377201,98.72766009026792,1003
2024-04-30T00:00:00,95.11779865858735,99.11104862871125,93.60593682988461,97.27241385133512,3040
2024-05-01T00:00:00,98.40180256819411,99.83534802031357,96.45429984580254,97.62132730376959,877
2024-05-02T00:00:00,96.65387711739888,99.26473326153305,94.59786922491344,98.03132232972725,2713
2024-05-03T00:00:00,99.8457763933985,101.71432491018768,98.5010181799769,100.15010369258789,1700
2024-05-04T00:00:00,100.93796247270572,102.5958880300252,100.20953872007351,101.48277056145976,1796
2024-05-05T00:00:00,102.44568580981758,103.81734252564907,100.9769337627455,102.09807715018403,849
2024-05-06T00:00:00,104.07404204213367,106.12543115743316,103.45985870509247,104.37303148701338,2625
2024-05-07T00:00:00,100.89984677030003,104.6767718129594,100.05648240622911,102.6698869055291,1230
2024-05-08T00:00:00,100.66586988861555,103.8560568418063,100.13583296091569,101.79025960640448,2513
2024-05-09T00:00:00,98.32131524942724,101.83657166710746,97.05073939137696,100.48039569429619,2685
2024-05-10T00:00:00,98.3160102894826,101.3601486846215,96.73729183906455,99.97568098956253,2997
2024-05-11T00:00:00,96.99547375719146,99.8504314665266,95.91187657114732,97.99065176822808,2641
2024-05-12T00:00:00,96.85383711489867,100.05794436441482,95.63918810333969,99.02337818844968,1583
2024-05-13T00:00:00,97.77495029993706,100.69359415878814,95.64429453610128,98.77004414280152,2720
2024-05-14T00:00:00,95.29864534193018,97.98387550012716,93.52030803525282,96.64383470104754,2947
2024-05-15T00:00:00,94.86737993741745,95.89742251060618,93.44792365461103,95.20046607923622,1624
2024-05-16T00:00:00,95.09084561613822,96.37323740043551,94.10712612844812,95.75073685041151,1122
2024-05-17T00:00:00,97.11560814322334,99.04699660199043,95.06303214433899,97.08792670225309,3114
2024-05-18T00:00:00,98.67239749865539,100.75748849853245,97.77273239995826,100.16302303979076,1184
2024-05-19T00:00:00,105.07428999960514,106.05132944103235,103.56073409692341,104.61381673880176,2343
2024-05-20T00:00:00,104.01131558053986,106.38345195756838,101.96590539602084,105.31543088871575,1414
2024-05-21T00:00:00,103.4827096604226,104.70521426549367,102.08248816643798,103.91112370866796,1127
2024-05-22T00:00:00,99.13893190345041,101.82667301623438,97.37699138943985,100.793054287571,2818
2024-05-23T00:00:00,99.9988393912286,103.03719884451938,98.49457324115019,101.27462148108674,1173
2024-05-24T00:00:00,97.89662829623913,100.66017067217338,96.28578164092299,100.13520983812126,2542
2024-05-25T00:00:00,98.33447672582696,101.4983687695369,97.32552513025176,99.59217394785173,2602
2024-05-26T00:00:00,99.56886497934994,101.52499661942669,97.8436962444967,98.75402874926202,956
2024-05-27T00:00:00,98.08310027524581,99.75568709406306,97.03486328505907,98.62284241963744,1249
2024-05-28T00:00:00,100.75661923915425,101.51776116755732,99.53756210687709,100.30181276581891,2865
2024-05-29T00:00:00,100.48383747511657,102.13881431049356,98.4975030541222,100.61738561698692,2118
2024-05-30T00:00:00,98.49932777147984,101.16287670639922,97.51780798495464,100.45943336142889,1115
2024-05-31T00:00:00,97.81217230238225,100.1063156460232,96.3576403318778,98.98595273219017,3378
2024-06-01T00:00:00,96.5829657008545,98.71229530838616,94.7075717923933,96.55392831513363,1488
2024-06-02T00:00:00,96.21681208132,98.40910168471218,94.07196546558494,95.90446645152365,810
2024-06-03T00:00:00,95.27428874170752,97.71637094059896,94.0290321021144,95.90379262529616,3202
2024-06-04T00:00:00,99.13059163010901,100.15922619697432,97.32605007106855,98.63568749566599,843
2024-06-05T00:00:00,98.91512552753223,100.58415611111458,96.72010630468577,98.91109927787531,2238
2024-06-06T00:00:00,99.58440002001379,102.16439936573272,97.93758430914944,100.4652085444099,3382
2024-06-07T00:00:00,98.15648431410514,100.95559602837938,96.27159896080474,99.79626514660117,2302
2024-06-08T00:00:00,96.95096417197364,99.6883601757721,94.91662242430094,98.09884949697563,2320
2024-06-09T00:00:00,98.19333491136537,98.71157190782402,94.89227163203721,96.73117435362708,1809
2024-06-10T00:00:00,94.84940520069621,96.57873327644725,94.03460031427515,95.72333525682345,1129
2024-06-11T00:00:00,98.33120963956688,100.38868997052055,96.87551939221301,98.9960398554762,2288
2024-06-12T00:00:00,96.87145857980418,98.62233705387871,96.19823851236946,97.84395983663961,3132
2024-06-13T00:00:00,97.12710492875804,99.96373531763423,95.51713731359925,99.18169364224413,1036
2024-06-14T00:00:00,99.16421732423785,101.08593461817325,95.7832088471943,97.90730287511359,3088
2024-06-15T00:00:00,99.31665547709696,101.56618849898709,97.94501096778677,99.38466239442496,1879
2024-06-16T00:00:00,98.91027315306974,101.48723687123211,97.67421991519453,100.04208884358376,2194
2024-06-17T00:00:00,100.71056695660516,102.63698549910407,99.32619931968574,99.88713199709662,1230
2024-06-18T00:00:00,97.97763406464531,102.08953503724814,95.84601737668564,99.90598820789347,2416
2024-06-19T00:00:00,98.07228571331878,99.7445196753163,97.39718115029751,99.00380666474938,1274
2024-06-20T00:00:00,98.39098937971343,101.01493250950489,97.82115492109519,99.7529149669725,1510
2024-06-21T00:00:00,99.06428904183095,100.31781336339259,98.14597580227255,99.15043974646133,2676
2024-06-22T00:00:00,96.05964377984087,98.02811488300897,95.44824204217961,97.39203110081046,931
2024-06-23T00:00:00,93.9935003389409,97.3391860330821,92.71980000684091,95.55512473933103,1962
2024-06-24T00:00:00,95.08441639779076,97.13143096236261,93.70706713565367,95.89400661591421,2345
2024-06-25T00:00:00,97.53168269710103,99.64049928865354,96.50031378375245,98.34264350052986,1143
2024-06-26T00:00:00,97.81932200553648,99.41877497637253,97.23268918515917,98.66263092089002,1566
2024-06-27T00:00:00,98.74168416999063,99.54925947878311,97.87495280570151,98.5646734317252,1693
2024-06-28T00:00:00,98.60618845334533,101.11548879879457,97.45253101076244,99.07341264112901,2525
